word,1,2,3,4,5,6,7
в,741.0,742.0,820.0,836.0,820.0,775.0,825.0
на,824.0,780.0,707.0,670.0,705.0,763.0,702.0
и,521.0,563.0,475.0,465.0,445.0,480.0,421.0
ли,473.0,358.0,443.0,449.0,454.0,419.0,311.0
есть,448.0,450.0,442.0,394.0,406.0,339.0,313.0
кто,436.0,504.0,372.0,381.0,373.0,344.0,352.0
как,332.0,330.0,375.0,359.0,419.0,434.0,413.0
по,375.0,345.0,299.0,302.0,358.0,365.0,330.0
с,375.0,388.0,352.0,327.0,304.0,302.0,292.0
у,259.0,257.0,255.0,224.0,259.0,258.0,283.0
привет,339.0,295.0,263.0,255.0,194.0,170.0,116.0
не,164.0,182.0,190.0,211.0,231.0,212.0,265.0
всем,270.0,244.0,213.0,207.0,150.0,129.0,103.0
можно,185.0,144.0,202.0,199.0,201.0,190.0,171.0
что,160.0,165.0,207.0,163.0,196.0,170.0,223.0
если,188.0,112.0,178.0,173.0,174.0,168.0,144.0
подскажите,194.0,109.0,143.0,158.0,133.0,152.0,138.0
или,124.0,138.0,144.0,149.0,147.0,136.0,165.0
пожалуйста,170.0,114.0,144.0,141.0,134.0,159.0,132.0
может,134.0,154.0,100.0,140.0,141.0,107.0,82.0
ребят,60.0,83.0,80.0,110.0,116.0,148.0,207.0
из,116.0,144.0,117.0,92.0,113.0,70.0,86.0
за,79.0,85.0,93.0,125.0,101.0,92.0,113.0
а,73.0,85.0,95.0,110.0,126.0,94.0,100.0
для,97.0,92.0,91.0,85.0,84.0,110.0,101.0
принимает,23.0,42.0,56.0,51.0,134.0,168.0,165.0
к,67.0,78.0,98.0,97.0,90.0,93.0,88.0
ктонибудь,69.0,70.0,76.0,117.0,93.0,79.0,79.0
я,58.0,85.0,87.0,70.0,69.0,68.0,112.0
кого,82.0,60.0,62.0,58.0,81.0,73.0,99.0
когда,49.0,42.0,51.0,79.0,76.0,99.0,118.0
где,51.0,51.0,64.0,60.0,68.0,99.0,105.0
экзамен,45.0,56.0,59.0,46.0,92.0,93.0,107.0
здравствуйте,86.0,86.0,89.0,75.0,66.0,56.0,35.0
будет,56.0,52.0,63.0,75.0,82.0,71.0,81.0
знает,55.0,52.0,45.0,72.0,71.0,75.0,91.0
о,47.0,66.0,63.0,74.0,63.0,56.0,71.0
день,64.0,55.0,62.0,80.0,71.0,48.0,40.0
ребята,43.0,60.0,45.0,47.0,52.0,81.0,91.0
расскажите,62.0,61.0,61.0,55.0,57.0,75.0,38.0
анон,109.0,74.0,74.0,65.0,53.0,31.0,0.0
про,70.0,49.0,61.0,50.0,58.0,73.0,41.0
курс,49.0,67.0,64.0,45.0,46.0,59.0,64.0
вопрос,53.0,55.0,63.0,65.0,49.0,54.0,51.0
добрый,69.0,58.0,59.0,79.0,67.0,28.0,24.0
тут,53.0,62.0,52.0,60.0,64.0,52.0,35.0
сколько,61.0,32.0,55.0,53.0,52.0,70.0,44.0
какие,61.0,45.0,64.0,44.0,43.0,58.0,42.0
после,52.0,51.0,55.0,52.0,58.0,59.0,28.0
вам,42.0,39.0,52.0,69.0,64.0,50.0,25.0
поступать,53.0,58.0,53.0,54.0,45.0,48.0,24.0
то,57.0,36.0,51.0,46.0,52.0,42.0,50.0
это,50.0,42.0,44.0,42.0,32.0,49.0,67.0
учится,61.0,63.0,38.0,42.0,43.0,39.0,31.0
вузе,33.0,22.0,65.0,62.0,58.0,59.0,17.0
вас,49.0,41.0,41.0,38.0,41.0,56.0,46.0
этом,46.0,39.0,41.0,78.0,40.0,35.0,24.0
общагу,29.0,31.0,59.0,35.0,50.0,49.0,48.0
помочь,54.0,78.0,30.0,55.0,47.0,16.0,6.0
уже,35.0,45.0,28.0,48.0,46.0,21.0,56.0
рассказать,49.0,52.0,44.0,51.0,33.0,34.0,11.0
но,33.0,48.0,44.0,39.0,34.0,33.0,42.0
перевестись,39.0,43.0,38.0,47.0,43.0,38.0,24.0
вообще,37.0,37.0,31.0,53.0,42.0,40.0,26.0
курсе,47.0,40.0,44.0,53.0,37.0,25.0,20.0
от,30.0,33.0,42.0,33.0,42.0,42.0,44.0
получить,38.0,26.0,46.0,54.0,38.0,32.0,31.0
общежитие,32.0,25.0,63.0,45.0,39.0,23.0,37.0
курса,53.0,27.0,45.0,34.0,35.0,36.0,33.0
ктото,70.0,54.0,36.0,48.0,26.0,13.0,13.0
хочу,56.0,39.0,41.0,40.0,31.0,24.0,25.0
проходит,55.0,51.0,32.0,31.0,28.0,31.0,26.0
бы,48.0,48.0,46.0,26.0,28.0,31.0,25.0
можете,47.0,44.0,40.0,37.0,24.0,43.0,16.0
году,39.0,35.0,38.0,58.0,30.0,28.0,22.0
все,29.0,22.0,33.0,40.0,43.0,41.0,42.0
направление,76.0,42.0,40.0,22.0,16.0,34.0,19.0
узнать,41.0,36.0,39.0,28.0,42.0,35.0,25.0
стоит,40.0,23.0,38.0,30.0,44.0,45.0,23.0
нужно,20.0,31.0,31.0,45.0,28.0,34.0,54.0
вы,38.0,52.0,31.0,32.0,13.0,31.0,45.0
поступить,46.0,41.0,43.0,35.0,28.0,24.0,24.0
при,31.0,38.0,35.0,39.0,31.0,43.0,24.0
технологии,56.0,49.0,31.0,19.0,37.0,31.0,17.0
меня,35.0,31.0,37.0,39.0,36.0,17.0,44.0
скажите,23.0,21.0,31.0,47.0,34.0,40.0,39.0
бюджет,41.0,33.0,41.0,41.0,36.0,28.0,14.0
общаге,31.0,30.0,37.0,39.0,37.0,19.0,38.0
до,28.0,16.0,19.0,38.0,44.0,40.0,40.0
учиться,33.0,32.0,43.0,28.0,23.0,44.0,19.0
там,33.0,24.0,33.0,23.0,37.0,23.0,46.0
чтобы,27.0,26.0,33.0,30.0,33.0,37.0,33.0
нет,23.0,26.0,30.0,37.0,41.0,32.0,29.0
сейчас,30.0,20.0,36.0,51.0,34.0,26.0,20.0
политехе,40.0,61.0,32.0,16.0,22.0,18.0,26.0
академ,51.0,28.0,39.0,35.0,33.0,19.0,9.0
вуза,36.0,30.0,40.0,35.0,34.0,23.0,12.0
нибудь,27.0,34.0,28.0,26.0,27.0,23.0,43.0
вуз,25.0,30.0,32.0,31.0,33.0,35.0,21.0
те,53.0,37.0,18.0,29.0,30.0,21.0,19.0
общаги,22.0,34.0,28.0,34.0,32.0,19.0,36.0
времени,33.0,22.0,39.0,25.0,32.0,33.0,20.0
которые,37.0,37.0,31.0,38.0,23.0,16.0,22.0
какой,23.0,29.0,36.0,29.0,30.0,27.0,25.0
обучения,39.0,39.0,23.0,38.0,21.0,17.0,22.0
со,15.0,34.0,25.0,25.0,21.0,36.0,37.0
возможно,41.0,15.0,21.0,35.0,28.0,30.0,22.0
дела,25.0,20.0,41.0,25.0,28.0,17.0,29.0
так,18.0,20.0,33.0,24.0,29.0,34.0,26.0
обучение,42.0,23.0,32.0,29.0,17.0,17.0,23.0
нас,21.0,15.0,28.0,37.0,34.0,30.0,18.0
делать,18.0,22.0,30.0,21.0,26.0,26.0,38.0
куда,15.0,21.0,18.0,18.0,24.0,37.0,48.0
политех,36.0,39.0,25.0,20.0,16.0,21.0,24.0
сложно,33.0,25.0,25.0,28.0,17.0,29.0,21.0
время,27.0,23.0,27.0,28.0,26.0,23.0,23.0
направления,35.0,32.0,40.0,18.0,19.0,21.0,12.0
доброго,41.0,23.0,33.0,21.0,14.0,17.0,20.0
только,28.0,20.0,20.0,22.0,24.0,22.0,31.0
анонимно,28.0,26.0,31.0,40.0,31.0,6.0,0.0
факультет,25.0,18.0,23.0,28.0,26.0,28.0,12.0
когонибудь,13.0,19.0,21.0,21.0,11.0,37.0,38.0
реально,25.0,30.0,15.0,14.0,31.0,27.0,18.0
люди,21.0,35.0,28.0,22.0,19.0,14.0,19.0
мне,9.0,25.0,22.0,18.0,12.0,26.0,43.0
магистратуру,31.0,14.0,22.0,34.0,22.0,13.0,18.0
стипендия,9.0,8.0,18.0,28.0,31.0,34.0,26.0
будут,13.0,18.0,17.0,24.0,25.0,24.0,33.0
могут,34.0,16.0,26.0,20.0,24.0,19.0,13.0
группы,28.0,39.0,24.0,18.0,20.0,7.0,15.0
сессии,21.0,19.0,18.0,22.0,29.0,24.0,16.0
такой,19.0,23.0,21.0,17.0,22.0,24.0,23.0
лучше,22.0,28.0,32.0,16.0,16.0,18.0,17.0
системы,28.0,31.0,21.0,16.0,27.0,26.0,0.0
семестр,20.0,17.0,17.0,31.0,22.0,16.0,24.0
информационные,33.0,36.0,17.0,12.0,23.0,17.0,9.0
во,20.0,11.0,21.0,20.0,24.0,16.0,33.0
какого,7.0,10.0,15.0,25.0,26.0,32.0,26.0
общежития,19.0,19.0,31.0,18.0,22.0,10.0,22.0
поступил,24.0,21.0,15.0,12.0,22.0,31.0,15.0
общежитии,21.0,10.0,31.0,26.0,19.0,16.0,17.0
сдать,18.0,18.0,17.0,17.0,19.0,30.0,21.0
об,23.0,17.0,17.0,23.0,21.0,23.0,15.0
общага,0.0,17.0,30.0,19.0,26.0,18.0,27.0
кому,18.0,17.0,11.0,23.0,20.0,25.0,22.0
найти,13.0,12.0,17.0,22.0,25.0,23.0,23.0
специальности,26.0,17.0,20.0,20.0,20.0,17.0,13.0
суток,25.0,18.0,25.0,19.0,14.0,14.0,18.0
здесь,18.0,30.0,19.0,21.0,21.0,11.0,12.0
физре,27.0,14.0,12.0,0.0,28.0,24.0,26.0
был,28.0,27.0,20.0,15.0,23.0,0.0,18.0
политеха,14.0,29.0,18.0,22.0,8.0,15.0,24.0
вступительные,37.0,13.0,12.0,23.0,14.0,18.0,10.0
сделать,15.0,19.0,15.0,19.0,20.0,15.0,24.0
другого,30.0,24.0,17.0,17.0,20.0,9.0,9.0
ты,16.0,19.0,26.0,15.0,12.0,20.0,18.0
проходят,42.0,16.0,16.0,11.0,16.0,16.0,9.0
направлении,27.0,25.0,28.0,12.0,12.0,11.0,11.0
стипендию,17.0,6.0,14.0,20.0,21.0,30.0,18.0
универе,9.0,6.0,22.0,26.0,30.0,17.0,15.0
расписание,19.0,11.0,14.0,11.0,12.0,29.0,28.0
пд,21.0,28.0,20.0,25.0,17.0,13.0,0.0
без,20.0,23.0,15.0,16.0,20.0,15.0,15.0
года,14.0,14.0,15.0,34.0,16.0,15.0,15.0
заявление,12.0,18.0,17.0,23.0,17.0,14.0,21.0
никто,12.0,16.0,8.0,14.0,12.0,17.0,43.0
документы,13.0,10.0,7.0,24.0,22.0,29.0,15.0
же,32.0,11.0,13.0,17.0,14.0,18.0,14.0
какое,18.0,19.0,26.0,14.0,13.0,19.0,10.0
сдавал,19.0,21.0,21.0,25.0,11.0,14.0,7.0
помощь,0.0,9.0,14.0,38.0,19.0,20.0,18.0
студентов,15.0,16.0,19.0,14.0,19.0,19.0,15.0
народ,7.0,20.0,13.0,16.0,10.0,23.0,28.0
ваш,7.0,13.0,11.0,20.0,27.0,22.0,15.0
экзамены,20.0,20.0,14.0,15.0,10.0,15.0,21.0
дело,19.0,21.0,22.0,14.0,12.0,9.0,17.0
могу,13.0,14.0,17.0,12.0,20.0,18.0,19.0
поводу,22.0,14.0,11.0,20.0,21.0,14.0,11.0
студенты,12.0,22.0,23.0,16.0,20.0,11.0,9.0
обстоят,13.0,10.0,27.0,17.0,14.0,8.0,22.0
числа,0.0,10.0,6.0,20.0,22.0,23.0,30.0
возможность,18.0,12.0,16.0,18.0,15.0,19.0,12.0
дизайн,32.0,23.0,15.0,11.0,7.0,10.0,11.0
каких,22.0,9.0,15.0,16.0,16.0,17.0,13.0
надо,11.0,10.0,13.0,16.0,15.0,20.0,22.0
зачт,0.0,10.0,11.0,8.0,24.0,28.0,25.0
какая,11.0,15.0,22.0,22.0,10.0,18.0,7.0
почему,13.0,14.0,13.0,16.0,10.0,13.0,25.0
каком,18.0,17.0,17.0,14.0,9.0,11.0,17.0
насколько,20.0,22.0,20.0,11.0,16.0,14.0,0.0
диплом,16.0,11.0,16.0,29.0,16.0,7.0,7.0
год,15.0,19.0,13.0,16.0,12.0,14.0,12.0
очень,11.0,11.0,13.0,17.0,16.0,18.0,15.0
взять,23.0,10.0,16.0,13.0,14.0,15.0,8.0
ещ,10.0,15.0,18.0,15.0,13.0,9.0,19.0
пересдачи,18.0,12.0,12.0,17.0,15.0,17.0,7.0
пересдачу,11.0,14.0,16.0,10.0,13.0,23.0,11.0
этого,11.0,17.0,16.0,17.0,10.0,15.0,12.0
первого,19.0,8.0,17.0,11.0,21.0,12.0,9.0
собираюсь,10.0,11.0,15.0,15.0,14.0,24.0,8.0
связи,27.0,22.0,8.0,15.0,10.0,9.0,6.0
специальность,15.0,12.0,13.0,21.0,7.0,18.0,10.0
другой,14.0,10.0,15.0,17.0,18.0,11.0,10.0
быть,12.0,14.0,18.0,8.0,18.0,13.0,12.0
информатика,13.0,13.0,11.0,10.0,16.0,11.0,21.0
сдавать,8.0,17.0,11.0,21.0,15.0,7.0,15.0
было,9.0,10.0,21.0,21.0,11.0,7.0,14.0
первом,13.0,20.0,14.0,11.0,15.0,13.0,7.0
много,10.0,11.0,18.0,17.0,12.0,18.0,7.0
пересдача,15.0,15.0,7.0,8.0,17.0,15.0,15.0
пары,22.0,13.0,10.0,12.0,8.0,16.0,10.0
работы,11.0,9.0,20.0,15.0,18.0,11.0,7.0
дают,15.0,9.0,13.0,10.0,12.0,18.0,14.0
мы,0.0,8.0,17.0,18.0,26.0,11.0,10.0
еще,8.0,17.0,9.0,20.0,20.0,0.0,16.0
магистратуре,24.0,8.0,13.0,14.0,15.0,7.0,9.0
зачет,9.0,15.0,9.0,7.0,8.0,19.0,23.0
сессию,0.0,10.0,18.0,15.0,19.0,19.0,8.0
вопросы,21.0,12.0,13.0,8.0,10.0,10.0,15.0
его,0.0,20.0,11.0,12.0,15.0,13.0,18.0
этот,16.0,12.0,11.0,17.0,10.0,10.0,12.0
университете,15.0,9.0,17.0,14.0,9.0,11.0,12.0
факультета,17.0,12.0,10.0,10.0,16.0,12.0,10.0
баллов,20.0,25.0,12.0,7.0,7.0,16.0,0.0
второй,12.0,17.0,6.0,10.0,12.0,10.0,18.0
хотелось,19.0,20.0,15.0,9.0,9.0,7.0,6.0
справку,9.0,9.0,15.0,13.0,7.0,15.0,17.0
вопросов,14.0,12.0,6.0,14.0,10.0,16.0,12.0
семестра,18.0,14.0,16.0,13.0,13.0,10.0,0.0
общественностью,31.0,20.0,9.0,9.0,7.0,6.0,0.0
управление,25.0,12.0,6.0,9.0,8.0,11.0,11.0
работает,9.0,8.0,6.0,19.0,11.0,11.0,18.0
сказать,13.0,9.0,13.0,14.0,14.0,11.0,8.0
планирую,20.0,20.0,11.0,14.0,8.0,8.0,0.0
подсказать,16.0,14.0,9.0,8.0,14.0,13.0,7.0
он,10.0,14.0,11.0,8.0,6.0,13.0,18.0
они,11.0,15.0,8.0,16.0,7.0,9.0,14.0
справки,7.0,8.0,9.0,12.0,10.0,12.0,21.0
направлению,19.0,11.0,0.0,14.0,13.0,10.0,12.0
через,10.0,10.0,10.0,16.0,11.0,9.0,12.0
всех,14.0,12.0,16.0,12.0,7.0,7.0,10.0
один,11.0,14.0,10.0,11.0,8.0,9.0,15.0
находил,8.0,13.0,0.0,0.0,11.0,15.0,28.0
обычно,20.0,7.0,8.0,13.0,11.0,7.0,9.0
больше,9.0,22.0,7.0,8.0,12.0,7.0,9.0
группу,0.0,11.0,6.0,22.0,20.0,9.0,6.0
всего,15.0,18.0,9.0,7.0,7.0,11.0,7.0
происходит,11.0,9.0,8.0,21.0,8.0,7.0,10.0
издательское,8.0,16.0,13.0,8.0,8.0,7.0,13.0
раз,11.0,10.0,8.0,15.0,11.0,6.0,12.0
первый,0.0,9.0,11.0,15.0,14.0,10.0,14.0
истории,13.0,7.0,7.0,12.0,15.0,11.0,8.0
работу,0.0,9.0,20.0,9.0,19.0,8.0,7.0
тебя,17.0,7.0,7.0,9.0,13.0,10.0,9.0
систем,8.0,17.0,10.0,8.0,7.0,10.0,12.0
сессия,10.0,10.0,14.0,9.0,10.0,10.0,9.0
комнату,0.0,15.0,9.0,8.0,14.0,12.0,13.0
идти,0.0,0.0,12.0,12.0,17.0,16.0,14.0
сайте,12.0,15.0,0.0,9.0,10.0,10.0,15.0
диплома,20.0,7.0,8.0,13.0,13.0,10.0,0.0
другую,9.0,12.0,10.0,13.0,6.0,11.0,10.0
место,14.0,10.0,13.0,18.0,9.0,6.0,0.0
были,14.0,8.0,13.0,15.0,9.0,11.0,0.0
была,12.0,0.0,12.0,17.0,9.0,7.0,12.0
перевода,16.0,16.0,13.0,12.0,11.0,0.0,0.0
изза,0.0,18.0,10.0,14.0,10.0,9.0,6.0
чем,7.0,13.0,9.0,0.0,6.0,18.0,14.0
учебу,13.0,9.0,13.0,12.0,14.0,0.0,6.0
опыт,14.0,20.0,12.0,10.0,10.0,0.0,0.0
такое,8.0,7.0,12.0,11.0,8.0,11.0,9.0
занятия,15.0,0.0,17.0,0.0,11.0,9.0,14.0
того,10.0,8.0,9.0,8.0,9.0,14.0,7.0
шарит,8.0,18.0,13.0,0.0,8.0,9.0,9.0
нужна,0.0,0.0,12.0,19.0,12.0,10.0,11.0
закрыть,23.0,12.0,8.0,0.0,7.0,6.0,7.0
предмету,14.0,14.0,8.0,11.0,8.0,0.0,8.0
пройти,13.0,8.0,11.0,0.0,11.0,11.0,8.0
информационных,13.0,9.0,10.0,9.0,9.0,11.0,0.0
сразу,8.0,7.0,8.0,13.0,15.0,0.0,10.0
стипендии,0.0,0.0,10.0,14.0,11.0,12.0,14.0
выбрать,14.0,20.0,19.0,0.0,0.0,8.0,0.0
хотел,11.0,14.0,15.0,0.0,7.0,7.0,7.0
беседа,23.0,30.0,8.0,0.0,0.0,0.0,0.0
факультете,10.0,7.0,14.0,0.0,15.0,7.0,8.0
просто,0.0,12.0,10.0,11.0,14.0,8.0,6.0
поступления,9.0,10.0,12.0,10.0,6.0,13.0,0.0
безопасность,11.0,12.0,14.0,0.0,0.0,10.0,13.0
ходить,9.0,8.0,6.0,7.0,8.0,6.0,16.0
заочку,10.0,0.0,7.0,8.0,14.0,14.0,7.0
сюда,14.0,12.0,8.0,0.0,8.0,9.0,9.0
попасть,8.0,6.0,12.0,7.0,12.0,14.0,0.0
подать,8.0,8.0,8.0,15.0,13.0,7.0,0.0
переводился,16.0,11.0,9.0,17.0,0.0,0.0,6.0
курсы,7.0,0.0,9.0,10.0,8.0,12.0,13.0
комиссии,9.0,8.0,10.0,8.0,13.0,11.0,0.0
физру,13.0,6.0,8.0,0.0,6.0,11.0,15.0
какието,9.0,7.0,10.0,15.0,11.0,7.0,0.0
технологий,13.0,9.0,11.0,8.0,8.0,10.0,0.0
дистанционно,12.0,11.0,12.0,17.0,6.0,0.0,0.0
физике,0.0,11.0,0.0,12.0,18.0,10.0,7.0
пк,7.0,7.0,0.0,0.0,14.0,12.0,18.0
приветствую,15.0,18.0,9.0,9.0,6.0,0.0,0.0
она,11.0,9.0,14.0,0.0,9.0,0.0,14.0
егэ,7.0,16.0,7.0,12.0,6.0,9.0,0.0
заочке,18.0,7.0,6.0,9.0,7.0,10.0,0.0
правда,12.0,0.0,9.0,11.0,16.0,0.0,9.0
ни,0.0,16.0,11.0,7.0,6.0,10.0,6.0
чтото,9.0,6.0,0.0,18.0,13.0,10.0,0.0
несколько,7.0,9.0,0.0,13.0,10.0,11.0,6.0
срочно,7.0,8.0,6.0,8.0,0.0,12.0,14.0
написать,10.0,7.0,8.0,11.0,9.0,10.0,0.0
тех,12.0,7.0,10.0,10.0,7.0,8.0,0.0
работать,12.0,0.0,18.0,0.0,9.0,9.0,6.0
математике,9.0,8.0,11.0,8.0,7.0,11.0,0.0
поступаю,25.0,0.0,12.0,0.0,9.0,7.0,0.0
тем,8.0,10.0,8.0,11.0,7.0,0.0,9.0
магистратуры,10.0,20.0,0.0,9.0,0.0,7.0,7.0
поступал,11.0,9.0,9.0,10.0,7.0,7.0,0.0
мгуп,0.0,0.0,0.0,0.0,0.0,26.0,27.0
шанс,6.0,8.0,12.0,0.0,10.0,9.0,8.0
корпусе,10.0,11.0,6.0,0.0,0.0,7.0,18.0
учусь,0.0,9.0,0.0,23.0,9.0,0.0,11.0
когото,15.0,13.0,9.0,9.0,0.0,6.0,0.0
мест,11.0,14.0,17.0,0.0,0.0,10.0,0.0
одного,10.0,7.0,6.0,10.0,0.0,11.0,7.0
баллами,10.0,11.0,13.0,0.0,7.0,10.0,0.0
реклама,15.0,10.0,0.0,14.0,6.0,0.0,6.0
примерно,7.0,6.0,0.0,9.0,0.0,8.0,20.0
потом,7.0,7.0,6.0,0.0,10.0,7.0,13.0
остались,0.0,9.0,8.0,7.0,0.0,12.0,14.0
университета,8.0,0.0,6.0,15.0,7.0,6.0,8.0
такие,0.0,0.0,9.0,11.0,12.0,8.0,10.0
учатся,16.0,16.0,11.0,0.0,0.0,7.0,0.0
вс,8.0,15.0,7.0,7.0,0.0,0.0,12.0
том,0.0,9.0,11.0,8.0,8.0,0.0,13.0
другое,16.0,8.0,10.0,7.0,8.0,0.0,0.0
средства,0.0,6.0,7.0,8.0,14.0,14.0,0.0
подавать,0.0,7.0,8.0,9.0,9.0,6.0,10.0
нашем,0.0,8.0,7.0,12.0,12.0,10.0,0.0
управления,21.0,13.0,7.0,0.0,0.0,7.0,0.0
семестре,13.0,7.0,8.0,11.0,0.0,9.0,0.0
рассматриваю,14.0,12.0,7.0,7.0,0.0,8.0,0.0
летом,0.0,6.0,9.0,10.0,8.0,15.0,0.0
отчисляют,0.0,5.0,6.0,12.0,9.0,10.0,6.0
универ,0.0,0.0,6.0,14.0,9.0,6.0,12.0
посмотреть,7.0,10.0,0.0,7.0,9.0,14.0,0.0
переводиться,10.0,7.0,6.0,8.0,10.0,6.0,0.0
какую,7.0,13.0,19.0,0.0,0.0,0.0,8.0
перевод,12.0,6.0,0.0,11.0,8.0,9.0,0.0
вебтехнологии,8.0,9.0,12.0,0.0,6.0,11.0,0.0
лабы,10.0,12.0,15.0,0.0,9.0,0.0,0.0
вот,0.0,14.0,8.0,0.0,0.0,9.0,15.0
комнаты,8.0,13.0,9.0,0.0,7.0,0.0,8.0
тд,0.0,11.0,6.0,8.0,8.0,12.0,0.0
да,9.0,10.0,10.0,7.0,9.0,0.0,0.0
информатике,0.0,0.0,0.0,24.0,13.0,8.0,0.0
го,6.0,9.0,0.0,7.0,6.0,0.0,17.0
этой,14.0,0.0,6.0,9.0,9.0,0.0,7.0
вступительных,8.0,17.0,10.0,10.0,0.0,0.0,0.0
пару,7.0,6.0,6.0,10.0,6.0,10.0,0.0
два,0.0,0.0,6.0,14.0,11.0,7.0,6.0
отпуск,7.0,6.0,8.0,7.0,7.0,9.0,0.0
поступлении,0.0,6.0,0.0,14.0,9.0,8.0,7.0
помогите,0.0,0.0,8.0,9.0,6.0,6.0,14.0
обеспечение,9.0,10.0,9.0,9.0,0.0,6.0,0.0
поможет,11.0,7.0,0.0,15.0,10.0,0.0,0.0
холодильник,0.0,11.0,9.0,10.0,0.0,0.0,12.0
каким,0.0,11.0,6.0,8.0,7.0,10.0,0.0
нужны,0.0,0.0,7.0,7.0,6.0,12.0,10.0
который,0.0,12.0,10.0,8.0,0.0,12.0,0.0
одной,0.0,6.0,11.0,9.0,9.0,7.0,0.0
прошлом,7.0,12.0,8.0,7.0,0.0,0.0,7.0
мат,0.0,0.0,0.0,11.0,7.0,11.0,12.0
карту,0.0,0.0,0.0,0.0,7.0,10.0,24.0
практика,7.0,0.0,7.0,10.0,10.0,7.0,0.0
забрать,0.0,0.0,0.0,15.0,10.0,10.0,6.0
както,0.0,7.0,0.0,9.0,7.0,11.0,7.0
теперь,7.0,0.0,6.0,7.0,7.0,6.0,8.0
универа,0.0,0.0,7.0,10.0,12.0,11.0,0.0
тоже,0.0,8.0,7.0,11.0,6.0,8.0,0.0
номер,7.0,0.0,0.0,0.0,7.0,7.0,19.0
месяц,8.0,0.0,6.0,8.0,8.0,9.0,0.0
техника,0.0,6.0,0.0,0.0,14.0,6.0,13.0
обратиться,7.0,0.0,0.0,7.0,0.0,8.0,17.0
лет,0.0,7.0,6.0,12.0,14.0,0.0,0.0
пересдаче,0.0,7.0,0.0,0.0,12.0,8.0,11.0
комнате,9.0,7.0,10.0,0.0,6.0,6.0,0.0
онлайн,10.0,8.0,0.0,13.0,7.0,0.0,0.0
сентября,15.0,7.0,6.0,0.0,0.0,0.0,10.0
думаю,12.0,10.0,9.0,7.0,0.0,0.0,0.0
интересно,0.0,9.0,10.0,0.0,11.0,0.0,7.0
целом,11.0,9.0,11.0,0.0,0.0,6.0,0.0
дизайне,8.0,12.0,10.0,0.0,7.0,0.0,0.0
ну,0.0,10.0,6.0,10.0,0.0,0.0,11.0
ответы,0.0,10.0,0.0,0.0,0.0,13.0,14.0
практику,8.0,0.0,7.0,0.0,12.0,10.0,0.0
первой,0.0,6.0,0.0,7.0,8.0,7.0,9.0
их,19.0,11.0,0.0,0.0,0.0,6.0,0.0
автозаводской,0.0,8.0,7.0,0.0,7.0,8.0,6.0
дадут,11.0,0.0,7.0,9.0,9.0,0.0,0.0
комната,0.0,0.0,17.0,10.0,0.0,0.0,9.0
шансы,9.0,7.0,13.0,0.0,7.0,0.0,0.0
учебе,0.0,8.0,8.0,11.0,9.0,0.0,0.0
пересдать,7.0,0.0,0.0,9.0,7.0,12.0,0.0
ка,0.0,0.0,0.0,0.0,0.0,9.0,26.0
индустрии,10.0,8.0,8.0,8.0,0.0,0.0,0.0
прикладная,9.0,9.0,0.0,7.0,0.0,9.0,0.0
писать,0.0,0.0,6.0,7.0,6.0,7.0,8.0
между,9.0,7.0,11.0,7.0,0.0,0.0,0.0
него,0.0,13.0,6.0,9.0,0.0,0.0,6.0
программное,8.0,10.0,8.0,8.0,0.0,0.0,0.0
пересдач,8.0,0.0,0.0,8.0,0.0,11.0,7.0
списки,0.0,0.0,0.0,7.0,6.0,7.0,14.0
обработки,8.0,12.0,0.0,0.0,14.0,0.0,0.0
хорошо,0.0,11.0,0.0,8.0,0.0,7.0,7.0
отчисление,0.0,0.0,0.0,11.0,7.0,7.0,8.0
билеты,0.0,6.0,0.0,0.0,7.0,10.0,9.0
человек,0.0,8.0,7.0,0.0,0.0,8.0,9.0
ее,7.0,0.0,0.0,7.0,6.0,0.0,12.0
математика,0.0,7.0,8.0,0.0,0.0,11.0,6.0
сдал,7.0,0.0,6.0,8.0,11.0,0.0,0.0
игровой,9.0,8.0,8.0,7.0,0.0,0.0,0.0
вступительным,8.0,0.0,7.0,9.0,8.0,0.0,0.0
интересует,7.0,6.0,12.0,0.0,7.0,0.0,0.0
язык,0.0,6.0,0.0,0.0,6.0,7.0,12.0
рекламы,10.0,7.0,6.0,0.0,0.0,0.0,8.0
компьютерной,10.0,9.0,12.0,0.0,0.0,0.0,0.0
друзья,8.0,9.0,6.0,0.0,0.0,0.0,8.0
хотела,14.0,8.0,9.0,0.0,0.0,0.0,0.0
втором,8.0,0.0,6.0,8.0,8.0,0.0,0.0
учился,8.0,7.0,7.0,8.0,0.0,0.0,0.0
термех,0.0,0.0,0.0,14.0,16.0,0.0,0.0
графический,11.0,10.0,9.0,0.0,0.0,0.0,0.0
производства,12.0,9.0,0.0,0.0,9.0,0.0,0.0
кем,8.0,8.0,0.0,0.0,8.0,0.0,6.0
дней,0.0,9.0,6.0,0.0,9.0,0.0,6.0
тмм,0.0,0.0,7.0,8.0,15.0,0.0,0.0
других,0.0,0.0,9.0,7.0,8.0,0.0,6.0
сегодня,0.0,9.0,0.0,0.0,0.0,8.0,13.0
буду,7.0,6.0,9.0,7.0,0.0,0.0,0.0
товарищи,8.0,0.0,6.0,7.0,0.0,0.0,8.0
данные,8.0,0.0,12.0,9.0,0.0,0.0,0.0
именно,10.0,0.0,11.0,0.0,0.0,0.0,8.0
очно,15.0,6.0,8.0,0.0,0.0,0.0,0.0
ней,0.0,8.0,7.0,0.0,0.0,8.0,6.0
университет,7.0,0.0,0.0,9.0,0.0,6.0,7.0
программе,6.0,0.0,6.0,0.0,0.0,0.0,17.0
студент,0.0,0.0,8.0,9.0,0.0,12.0,0.0
рекламу,14.0,7.0,0.0,0.0,0.0,8.0,0.0
вечер,6.0,0.0,10.0,7.0,6.0,0.0,0.0
студентам,8.0,0.0,7.0,7.0,0.0,7.0,0.0
другие,0.0,0.0,0.0,14.0,15.0,0.0,0.0
вашем,0.0,0.0,11.0,0.0,7.0,10.0,0.0
нужен,0.0,0.0,6.0,0.0,0.0,7.0,15.0
спортивные,6.0,7.0,0.0,8.0,7.0,0.0,0.0
места,12.0,7.0,0.0,0.0,0.0,9.0,0.0
экзамене,0.0,0.0,11.0,0.0,0.0,10.0,7.0
пряниках,0.0,10.0,0.0,0.0,0.0,9.0,9.0
it,0.0,6.0,7.0,8.0,0.0,0.0,7.0
секция,0.0,0.0,14.0,7.0,0.0,7.0,0.0
испытания,9.0,5.0,0.0,0.0,8.0,0.0,6.0
свой,0.0,0.0,6.0,0.0,7.0,8.0,6.0
информатику,0.0,6.0,0.0,0.0,6.0,15.0,0.0
предметы,8.0,0.0,0.0,10.0,0.0,0.0,9.0
проходить,0.0,0.0,0.0,11.0,10.0,6.0,0.0
данных,7.0,6.0,7.0,0.0,7.0,0.0,0.0
экономике,0.0,0.0,0.0,10.0,9.0,8.0,0.0
заселения,0.0,0.0,0.0,7.0,0.0,9.0,11.0
строительство,7.0,0.0,13.0,0.0,0.0,7.0,0.0
издательского,7.0,6.0,8.0,0.0,6.0,0.0,0.0
хочешь,0.0,0.0,14.0,0.0,0.0,13.0,0.0
уйти,12.0,6.0,8.0,0.0,0.0,0.0,0.0
большие,0.0,6.0,11.0,9.0,0.0,0.0,0.0
московский,0.0,12.0,7.0,0.0,0.0,0.0,7.0
биотехнологии,0.0,0.0,8.0,0.0,11.0,7.0,0.0
пропуск,0.0,0.0,7.0,0.0,0.0,6.0,13.0
отлично,0.0,0.0,14.0,0.0,6.0,6.0,0.0
заселиться,0.0,0.0,8.0,9.0,9.0,0.0,0.0
более,0.0,6.0,0.0,9.0,11.0,0.0,0.0
получения,9.0,0.0,0.0,10.0,7.0,0.0,0.0
прикладной,0.0,0.0,0.0,8.0,10.0,7.0,0.0
е,0.0,0.0,9.0,9.0,0.0,0.0,7.0
сможет,0.0,13.0,0.0,12.0,0.0,0.0,0.0
группа,9.0,8.0,0.0,0.0,0.0,0.0,8.0
лекции,11.0,0.0,6.0,0.0,0.0,8.0,0.0
брал,7.0,6.0,6.0,0.0,6.0,0.0,0.0
долгов,7.0,0.0,0.0,10.0,8.0,0.0,0.0
списать,0.0,0.0,0.0,0.0,0.0,14.0,11.0
предмет,7.0,10.0,8.0,0.0,0.0,0.0,0.0
веб,0.0,8.0,8.0,0.0,0.0,8.0,0.0
электротехнике,0.0,0.0,0.0,8.0,10.0,0.0,6.0
преподы,8.0,8.0,0.0,8.0,0.0,0.0,0.0
баллы,11.0,6.0,7.0,0.0,0.0,0.0,0.0
числах,0.0,0.0,0.0,7.0,10.0,7.0,0.0
пришла,0.0,0.0,0.0,0.0,11.0,0.0,13.0
москве,0.0,0.0,0.0,0.0,0.0,0.0,24.0
проекта,8.0,9.0,0.0,7.0,0.0,0.0,0.0
месяца,0.0,6.0,9.0,0.0,0.0,9.0,0.0
дня,13.0,0.0,11.0,0.0,0.0,0.0,0.0
оценки,7.0,0.0,0.0,11.0,0.0,6.0,0.0
очнозаочное,10.0,0.0,0.0,0.0,8.0,0.0,6.0
заочное,9.0,7.0,0.0,0.0,0.0,8.0,0.0
платят,0.0,0.0,6.0,0.0,8.0,9.0,0.0
отчислили,6.0,0.0,8.0,0.0,9.0,0.0,0.0
учеба,0.0,7.0,0.0,0.0,0.0,6.0,10.0
клуб,7.0,9.0,7.0,0.0,0.0,0.0,0.0
вычислительная,0.0,0.0,0.0,0.0,11.0,0.0,12.0
повышенную,0.0,0.0,0.0,0.0,9.0,8.0,6.0
экзаменов,10.0,0.0,7.0,0.0,0.0,6.0,0.0
учебный,0.0,0.0,0.0,9.0,7.0,7.0,0.0
учат,0.0,7.0,0.0,7.0,0.0,0.0,9.0
физры,0.0,0.0,0.0,0.0,6.0,8.0,9.0
заселяют,0.0,0.0,0.0,0.0,9.0,7.0,7.0
людей,7.0,0.0,8.0,0.0,8.0,0.0,0.0
них,7.0,10.0,0.0,0.0,0.0,0.0,6.0
курсов,0.0,8.0,6.0,0.0,0.0,0.0,9.0
информации,0.0,7.0,0.0,0.0,0.0,7.0,8.0
обязательно,0.0,0.0,6.0,0.0,0.0,8.0,8.0
данный,7.0,6.0,0.0,9.0,0.0,0.0,0.0
этих,7.0,7.0,0.0,0.0,8.0,0.0,0.0
академа,11.0,11.0,0.0,0.0,0.0,0.0,0.0
технических,0.0,8.0,0.0,0.0,6.0,8.0,0.0
препод,7.0,0.0,6.0,0.0,0.0,9.0,0.0
какойто,0.0,0.0,0.0,0.0,8.0,6.0,8.0
философии,0.0,0.0,0.0,13.0,9.0,0.0,0.0
переводе,0.0,7.0,7.0,0.0,8.0,0.0,0.0
экзаменам,0.0,0.0,0.0,7.0,9.0,6.0,0.0
мультимедиа,8.0,8.0,6.0,0.0,0.0,0.0,0.0
договориться,9.0,0.0,0.0,0.0,0.0,7.0,6.0
преподавателей,9.0,0.0,0.0,0.0,6.0,7.0,0.0
информация,0.0,0.0,0.0,11.0,10.0,0.0,0.0
совмещать,8.0,0.0,6.0,7.0,0.0,0.0,0.0
деньги,0.0,0.0,0.0,0.0,11.0,0.0,10.0
программирования,0.0,11.0,10.0,0.0,0.0,0.0,0.0
потерял,0.0,0.0,0.0,0.0,0.0,8.0,13.0
сильно,0.0,6.0,8.0,0.0,0.0,7.0,0.0
вариант,11.0,10.0,0.0,0.0,0.0,0.0,0.0
образование,0.0,0.0,0.0,0.0,0.0,0.0,21.0
материалов,7.0,0.0,6.0,0.0,0.0,8.0,0.0
химии,0.0,0.0,0.0,9.0,12.0,0.0,0.0
продат,0.0,7.0,6.0,8.0,0.0,0.0,0.0
бакалавриат,6.0,0.0,0.0,9.0,6.0,0.0,0.0
физика,0.0,0.0,0.0,9.0,11.0,0.0,0.0
хочет,0.0,6.0,6.0,0.0,0.0,0.0,8.0
отчислить,0.0,0.0,0.0,0.0,8.0,6.0,6.0
обучении,12.0,0.0,0.0,8.0,0.0,0.0,0.0
история,0.0,0.0,0.0,0.0,0.0,12.0,8.0
основы,0.0,6.0,6.0,0.0,0.0,0.0,8.0
программа,0.0,0.0,6.0,0.0,0.0,7.0,7.0
информационной,7.0,7.0,6.0,0.0,0.0,0.0,0.0
оно,12.0,0.0,0.0,0.0,0.0,8.0,0.0
преподаватели,0.0,0.0,6.0,7.0,7.0,0.0,0.0
немного,0.0,0.0,14.0,0.0,0.0,0.0,6.0
момент,0.0,6.0,7.0,7.0,0.0,0.0,0.0
деле,0.0,0.0,0.0,0.0,7.0,6.0,6.0
учебы,0.0,6.0,0.0,0.0,0.0,6.0,7.0
тяжело,0.0,0.0,0.0,0.0,0.0,13.0,6.0
разницу,0.0,6.0,7.0,0.0,6.0,0.0,0.0
ходил,0.0,6.0,0.0,0.0,0.0,6.0,7.0
пж,13.0,6.0,0.0,0.0,0.0,0.0,0.0
заселили,0.0,0.0,0.0,0.0,9.0,0.0,10.0
себе,6.0,0.0,6.0,0.0,0.0,7.0,0.0
графики,0.0,8.0,11.0,0.0,0.0,0.0,0.0
проект,0.0,9.0,0.0,10.0,0.0,0.0,0.0
владимирович,0.0,0.0,0.0,0.0,0.0,8.0,11.0
такая,6.0,0.0,13.0,0.0,0.0,0.0,0.0
дизайна,0.0,11.0,0.0,0.0,8.0,0.0,0.0
поделиться,9.0,10.0,0.0,0.0,0.0,0.0,0.0
господа,0.0,6.0,13.0,0.0,0.0,0.0,0.0
машин,0.0,0.0,0.0,10.0,9.0,0.0,0.0
кабинете,0.0,0.0,0.0,0.0,0.0,7.0,11.0
гидравлике,0.0,0.0,0.0,9.0,9.0,0.0,0.0
ребятки,0.0,0.0,0.0,0.0,10.0,0.0,8.0
первокурсников,10.0,0.0,0.0,0.0,0.0,0.0,8.0
справка,0.0,0.0,0.0,11.0,0.0,0.0,7.0
команда,0.0,0.0,6.0,0.0,6.0,6.0,0.0
машиностроение,0.0,0.0,0.0,0.0,11.0,0.0,7.0
преподавателя,0.0,0.0,0.0,9.0,0.0,0.0,9.0
бизнесом,11.0,7.0,0.0,0.0,0.0,0.0,0.0
машиностроения,0.0,9.0,9.0,0.0,0.0,0.0,0.0
скидку,0.0,0.0,0.0,9.0,9.0,0.0,0.0
открытые,0.0,0.0,9.0,8.0,0.0,0.0,0.0
документов,0.0,0.0,0.0,9.0,0.0,8.0,0.0
транспортные,0.0,0.0,0.0,8.0,9.0,0.0,0.0
красный,0.0,0.0,0.0,9.0,8.0,0.0,0.0
форме,11.0,0.0,0.0,0.0,6.0,0.0,0.0
часто,9.0,0.0,0.0,0.0,8.0,0.0,0.0
комфортности,10.0,7.0,0.0,0.0,0.0,0.0,0.0
неделю,6.0,0.0,0.0,0.0,11.0,0.0,0.0
рекламе,7.0,10.0,0.0,0.0,0.0,0.0,0.0
колледжа,7.0,10.0,0.0,0.0,0.0,0.0,0.0
предметов,7.0,10.0,0.0,0.0,0.0,0.0,0.0
норм,0.0,8.0,0.0,0.0,9.0,0.0,0.0
математику,0.0,8.0,0.0,0.0,0.0,8.0,0.0
механике,0.0,0.0,0.0,7.0,9.0,0.0,0.0
детали,0.0,0.0,0.0,8.0,8.0,0.0,0.0
ps,0.0,0.0,0.0,8.0,8.0,0.0,0.0
повышенной,10.0,6.0,0.0,0.0,0.0,0.0,0.0
комиссия,8.0,0.0,0.0,0.0,8.0,0.0,0.0
эту,7.0,0.0,0.0,0.0,0.0,9.0,0.0
среди,0.0,7.0,0.0,9.0,0.0,0.0,0.0
отчисления,0.0,0.0,7.0,0.0,0.0,9.0,0.0
владимировна,0.0,0.0,0.0,0.0,0.0,10.0,6.0
какиенибудь,0.0,0.0,7.0,0.0,9.0,0.0,0.0
брать,9.0,0.0,7.0,0.0,0.0,0.0,0.0
процесс,0.0,0.0,6.0,10.0,0.0,0.0,0.0
учимся,0.0,0.0,0.0,0.0,0.0,9.0,7.0
каникулы,0.0,0.0,0.0,0.0,6.0,0.0,10.0
социальную,8.0,0.0,0.0,0.0,0.0,8.0,0.0
курсовую,8.0,0.0,0.0,0.0,7.0,0.0,0.0
ответить,0.0,0.0,0.0,8.0,0.0,7.0,0.0
общагах,0.0,0.0,0.0,7.0,0.0,0.0,8.0
безопасности,8.0,0.0,7.0,0.0,0.0,0.0,0.0
жить,0.0,7.0,8.0,0.0,0.0,0.0,0.0
учба,8.0,7.0,0.0,0.0,0.0,0.0,0.0
плиз,0.0,0.0,0.0,8.0,0.0,7.0,0.0
туда,0.0,0.0,8.0,0.0,0.0,7.0,0.0
менеджмент,6.0,0.0,0.0,0.0,0.0,9.0,0.0
начинается,0.0,0.0,0.0,0.0,0.0,7.0,8.0
связь,0.0,8.0,0.0,7.0,0.0,0.0,0.0
тоэ,0.0,0.0,0.0,7.0,8.0,0.0,0.0
разбирается,0.0,0.0,0.0,8.0,0.0,0.0,7.0
магу,0.0,0.0,6.0,9.0,0.0,0.0,0.0
деятельности,0.0,6.0,0.0,0.0,0.0,0.0,9.0
каждый,0.0,6.0,0.0,0.0,0.0,9.0,0.0
тест,0.0,6.0,9.0,0.0,0.0,0.0,0.0
учишься,0.0,0.0,6.0,0.0,9.0,0.0,0.0
отчислении,0.0,8.0,0.0,0.0,0.0,7.0,0.0
занимается,0.0,0.0,6.0,0.0,9.0,0.0,0.0
наших,0.0,0.0,0.0,7.0,8.0,0.0,0.0
лучших,0.0,0.0,0.0,7.0,8.0,0.0,0.0
поступивших,8.0,6.0,0.0,0.0,0.0,0.0,0.0
техмех,0.0,0.0,0.0,7.0,7.0,0.0,0.0
типа,0.0,0.0,0.0,0.0,0.0,8.0,6.0
упаковочного,0.0,7.0,0.0,0.0,7.0,0.0,0.0
программы,7.0,0.0,0.0,0.0,0.0,0.0,7.0
строймех,0.0,0.0,0.0,7.0,7.0,0.0,0.0
помогаем,0.0,0.0,0.0,7.0,7.0,0.0,0.0
студенческий,6.0,0.0,0.0,0.0,0.0,0.0,8.0
экзамена,0.0,6.0,0.0,8.0,0.0,0.0,0.0
получил,0.0,8.0,6.0,0.0,0.0,0.0,0.0
получи,0.0,0.0,0.0,7.0,7.0,0.0,0.0
различным,0.0,0.0,0.0,7.0,7.0,0.0,0.0
скажи,0.0,0.0,0.0,7.0,7.0,0.0,0.0
хотя,0.0,14.0,0.0,0.0,0.0,0.0,0.0
языкам,0.0,0.0,0.0,7.0,7.0,0.0,0.0
летия,0.0,0.0,0.0,0.0,0.0,8.0,6.0
idрадей,0.0,0.0,0.0,7.0,7.0,0.0,0.0
окажут,0.0,0.0,0.0,7.0,7.0,0.0,0.0
вступил,0.0,0.0,0.0,7.0,7.0,0.0,0.0
купить,0.0,0.0,6.0,0.0,0.0,0.0,8.0
clubhelpik,0.0,0.0,0.0,7.0,7.0,0.0,0.0
вузов,7.0,0.0,7.0,0.0,0.0,0.0,0.0
знатоков,0.0,0.0,0.0,7.0,7.0,0.0,0.0
исполнителя,0.0,0.0,0.0,7.0,7.0,0.0,0.0
большой,0.0,7.0,0.0,0.0,0.0,7.0,0.0
нашего,0.0,0.0,0.0,0.0,0.0,6.0,8.0
начинаются,0.0,0.0,0.0,0.0,0.0,6.0,8.0
вступи,0.0,0.0,0.0,7.0,7.0,0.0,0.0
idсопромат,0.0,0.0,0.0,7.0,7.0,0.0,0.0
комунибудь,0.0,0.0,0.0,8.0,0.0,6.0,0.0
idматематика,0.0,0.0,0.0,7.0,7.0,0.0,0.0
зал,0.0,0.0,6.0,0.0,0.0,0.0,8.0
написано,0.0,0.0,0.0,8.0,0.0,6.0,0.0
долгам,0.0,0.0,0.0,7.0,7.0,0.0,0.0
бюджетных,0.0,0.0,7.0,0.0,0.0,7.0,0.0
idматвей,0.0,0.0,0.0,7.0,7.0,0.0,0.0
грин,0.0,0.0,0.0,7.0,7.0,0.0,0.0
данном,8.0,6.0,0.0,0.0,0.0,0.0,0.0
любую,0.0,0.0,0.0,7.0,7.0,0.0,0.0
девушки,0.0,0.0,0.0,0.0,7.0,7.0,0.0
очное,8.0,0.0,0.0,0.0,6.0,0.0,0.0
самое,0.0,7.0,6.0,0.0,0.0,0.0,0.0
че,0.0,6.0,0.0,0.0,0.0,0.0,7.0
комиссию,7.0,0.0,0.0,0.0,6.0,0.0,0.0
системах,0.0,6.0,0.0,0.0,0.0,0.0,7.0
кафедры,0.0,0.0,0.0,0.0,0.0,7.0,6.0
причине,13.0,0.0,0.0,0.0,0.0,0.0,0.0
николаевич,0.0,7.0,0.0,0.0,0.0,0.0,6.0
которых,0.0,0.0,7.0,0.0,6.0,0.0,0.0
второго,0.0,0.0,7.0,0.0,6.0,0.0,0.0
легко,0.0,6.0,0.0,0.0,0.0,7.0,0.0
учебного,0.0,0.0,0.0,7.0,0.0,0.0,6.0
график,0.0,0.0,6.0,0.0,7.0,0.0,0.0
личном,0.0,0.0,0.0,0.0,0.0,6.0,7.0
жизнь,0.0,6.0,0.0,7.0,0.0,0.0,0.0
магистры,7.0,0.0,0.0,0.0,0.0,0.0,6.0
сапр,0.0,6.0,0.0,0.0,0.0,7.0,0.0
чего,0.0,6.0,0.0,0.0,0.0,7.0,0.0
сам,0.0,0.0,7.0,0.0,0.0,0.0,6.0
поделитесь,0.0,0.0,7.0,0.0,0.0,0.0,6.0
экономика,7.0,0.0,0.0,0.0,0.0,0.0,6.0
практики,0.0,7.0,6.0,0.0,0.0,0.0,0.0
под,6.0,0.0,0.0,0.0,0.0,7.0,0.0
собрании,0.0,0.0,0.0,0.0,0.0,0.0,13.0
б,0.0,0.0,13.0,0.0,0.0,0.0,0.0
получать,0.0,0.0,7.0,0.0,0.0,0.0,6.0
поменять,0.0,0.0,6.0,0.0,7.0,0.0,0.0
пойти,0.0,7.0,0.0,0.0,6.0,0.0,0.0
поэтому,0.0,0.0,6.0,0.0,7.0,0.0,0.0
кампусную,0.0,0.0,0.0,0.0,0.0,0.0,13.0
пар,6.0,6.0,0.0,0.0,0.0,0.0,0.0
количество,0.0,0.0,6.0,0.0,6.0,0.0,0.0
балл,0.0,0.0,6.0,0.0,6.0,0.0,0.0
группе,0.0,0.0,0.0,0.0,0.0,0.0,12.0
корпус,0.0,6.0,6.0,0.0,0.0,0.0,0.0
поступление,0.0,0.0,6.0,0.0,0.0,6.0,0.0
обращаться,0.0,0.0,0.0,0.0,6.0,0.0,6.0
подробнее,0.0,0.0,6.0,0.0,0.0,6.0,0.0
задать,6.0,6.0,0.0,0.0,0.0,0.0,0.0
смысл,0.0,6.0,0.0,0.0,0.0,0.0,6.0
русскому,0.0,6.0,6.0,0.0,0.0,0.0,0.0
мами,0.0,0.0,0.0,0.0,0.0,0.0,12.0
презентаций,0.0,0.0,0.0,0.0,0.0,0.0,12.0
своей,0.0,6.0,0.0,0.0,0.0,0.0,6.0
россии,0.0,0.0,0.0,0.0,0.0,0.0,12.0
условия,0.0,0.0,0.0,0.0,0.0,11.0,0.0
вшэ,0.0,0.0,11.0,0.0,0.0,0.0,0.0
аудитории,0.0,0.0,0.0,0.0,0.0,0.0,11.0
матпомощь,0.0,0.0,0.0,0.0,0.0,0.0,11.0
направлениях,11.0,0.0,0.0,0.0,0.0,0.0,0.0
девочки,0.0,0.0,0.0,0.0,0.0,0.0,11.0
нести,0.0,0.0,0.0,0.0,0.0,0.0,10.0
посвящение,0.0,0.0,0.0,0.0,0.0,0.0,10.0
рубежом,0.0,0.0,0.0,0.0,0.0,0.0,10.0
подготовки,0.0,0.0,0.0,0.0,10.0,0.0,0.0
связаться,0.0,10.0,0.0,0.0,0.0,0.0,0.0
университетов,0.0,0.0,0.0,0.0,0.0,0.0,10.0
вторую,0.0,0.0,0.0,0.0,0.0,10.0,0.0
собрание,0.0,0.0,0.0,0.0,0.0,0.0,10.0
перейти,0.0,0.0,0.0,10.0,0.0,0.0,0.0
сергей,0.0,0.0,0.0,0.0,0.0,0.0,10.0
фит,0.0,10.0,0.0,0.0,0.0,0.0,0.0
квартиру,0.0,0.0,0.0,10.0,0.0,0.0,0.0
вчера,0.0,0.0,0.0,0.0,0.0,0.0,9.0
другом,0.0,0.0,0.0,9.0,0.0,0.0,0.0
своих,9.0,0.0,0.0,0.0,0.0,0.0,0.0
деятельность,0.0,0.0,9.0,0.0,0.0,0.0,0.0
интеллектуальные,9.0,0.0,0.0,0.0,0.0,0.0,0.0
карты,0.0,0.0,0.0,0.0,0.0,0.0,9.0
спросить,9.0,0.0,0.0,0.0,0.0,0.0,0.0
мгупе,0.0,0.0,0.0,0.0,0.0,0.0,9.0
завтра,0.0,0.0,0.0,0.0,0.0,0.0,9.0
ноября,0.0,0.0,0.0,0.0,0.0,9.0,0.0
прикладную,0.0,0.0,0.0,0.0,0.0,9.0,0.0
зачислении,0.0,0.0,0.0,0.0,0.0,0.0,9.0
мгупа,0.0,0.0,0.0,0.0,0.0,0.0,9.0
инженерия,9.0,0.0,0.0,0.0,0.0,0.0,0.0
финансирования,0.0,0.0,0.0,0.0,0.0,0.0,9.0
недели,9.0,0.0,0.0,0.0,0.0,0.0,0.0
консультацию,0.0,0.0,0.0,9.0,0.0,0.0,0.0
электронные,0.0,0.0,0.0,0.0,0.0,9.0,0.0
корпусах,9.0,0.0,0.0,0.0,0.0,0.0,0.0
эти,0.0,9.0,0.0,0.0,0.0,0.0,0.0
секции,0.0,0.0,0.0,0.0,0.0,0.0,9.0
физкультуре,0.0,0.0,0.0,0.0,0.0,9.0,0.0
какому,0.0,0.0,0.0,0.0,0.0,0.0,9.0
чат,0.0,9.0,0.0,0.0,0.0,0.0,0.0
зале,0.0,0.0,0.0,0.0,0.0,0.0,9.0
находится,0.0,0.0,0.0,0.0,0.0,0.0,9.0
восстановиться,0.0,0.0,0.0,0.0,0.0,9.0,0.0
снимать,8.0,0.0,0.0,0.0,0.0,0.0,0.0
самостоятельно,0.0,0.0,0.0,0.0,0.0,0.0,8.0
следующем,0.0,0.0,0.0,8.0,0.0,0.0,0.0
елена,0.0,0.0,0.0,0.0,0.0,0.0,8.0
желательно,0.0,0.0,0.0,8.0,0.0,0.0,0.0
занятий,0.0,0.0,0.0,0.0,0.0,0.0,8.0
стипуха,0.0,0.0,0.0,0.0,8.0,0.0,0.0
живт,0.0,0.0,0.0,8.0,0.0,0.0,0.0
карантин,0.0,0.0,0.0,0.0,8.0,0.0,0.0
максим,0.0,0.0,0.0,0.0,0.0,0.0,8.0
задачи,0.0,0.0,0.0,0.0,8.0,0.0,0.0
сих,0.0,0.0,0.0,8.0,0.0,0.0,0.0
магистратура,0.0,0.0,0.0,0.0,8.0,0.0,0.0
ситуация,0.0,0.0,8.0,0.0,0.0,0.0,0.0
инфа,0.0,0.0,0.0,8.0,0.0,0.0,0.0
летней,0.0,0.0,0.0,8.0,0.0,0.0,0.0
информацию,0.0,0.0,0.0,8.0,0.0,0.0,0.0
студак,0.0,0.0,0.0,0.0,0.0,0.0,8.0
ивт,8.0,0.0,0.0,0.0,0.0,0.0,0.0
заявления,0.0,0.0,0.0,0.0,0.0,8.0,0.0
субботу,0.0,0.0,0.0,0.0,0.0,0.0,8.0
соц,0.0,0.0,0.0,0.0,0.0,0.0,8.0
журналистики,0.0,0.0,8.0,0.0,0.0,0.0,0.0
направлений,8.0,0.0,0.0,0.0,0.0,0.0,0.0
ходит,0.0,0.0,0.0,0.0,0.0,0.0,8.0
примеры,0.0,8.0,0.0,0.0,0.0,0.0,0.0
очнозаочном,0.0,0.0,0.0,0.0,0.0,0.0,8.0
программная,8.0,0.0,0.0,0.0,0.0,0.0,0.0
академический,0.0,0.0,0.0,0.0,0.0,8.0,0.0
программирование,0.0,0.0,0.0,0.0,8.0,0.0,0.0
оплатить,0.0,0.0,0.0,0.0,8.0,0.0,0.0
оплаты,0.0,0.0,0.0,0.0,0.0,0.0,8.0
основном,8.0,0.0,0.0,0.0,0.0,0.0,0.0
писал,0.0,8.0,0.0,0.0,0.0,0.0,0.0
автазе,0.0,8.0,0.0,0.0,0.0,0.0,0.0
отзовитесь,0.0,0.0,0.0,0.0,0.0,8.0,0.0
влияет,0.0,0.0,0.0,8.0,0.0,0.0,0.0
отчислиться,0.0,0.0,0.0,8.0,0.0,0.0,0.0
перевожусь,0.0,8.0,0.0,0.0,0.0,0.0,0.0
почту,0.0,0.0,0.0,0.0,8.0,0.0,0.0
первокурсники,0.0,0.0,0.0,0.0,0.0,0.0,8.0
бюджете,0.0,0.0,0.0,8.0,0.0,0.0,0.0
продает,0.0,0.0,0.0,0.0,0.0,0.0,8.0
очнозаочной,8.0,0.0,0.0,0.0,0.0,0.0,0.0
действительно,0.0,0.0,0.0,0.0,8.0,0.0,0.0
kтo,0.0,0.0,8.0,0.0,0.0,0.0,0.0
мира,0.0,0.0,0.0,0.0,0.0,0.0,8.0
дипломе,0.0,0.0,0.0,8.0,0.0,0.0,0.0
медиаиндустрии,0.0,8.0,0.0,0.0,0.0,0.0,0.0
полиграфического,0.0,0.0,0.0,0.0,8.0,0.0,0.0
раньше,0.0,0.0,0.0,0.0,0.0,8.0,0.0
долги,0.0,0.0,8.0,0.0,0.0,0.0,0.0
разница,8.0,0.0,0.0,0.0,0.0,0.0,0.0
дальше,0.0,0.0,0.0,0.0,0.0,0.0,8.0
пор,0.0,0.0,0.0,8.0,0.0,0.0,0.0
например,0.0,0.0,0.0,0.0,0.0,8.0,0.0
этим,0.0,0.0,0.0,8.0,0.0,0.0,0.0
ю,0.0,0.0,0.0,0.0,0.0,7.0,0.0
заселение,7.0,0.0,0.0,0.0,0.0,0.0,0.0
бесплатный,0.0,0.0,0.0,0.0,0.0,7.0,0.0
языка,0.0,0.0,0.0,0.0,7.0,0.0,0.0
educationusa,0.0,0.0,0.0,0.0,0.0,0.0,7.0
августа,0.0,0.0,0.0,0.0,0.0,7.0,0.0
английский,0.0,0.0,0.0,7.0,0.0,0.0,0.0
чтоб,0.0,0.0,7.0,0.0,0.0,0.0,0.0
сша,0.0,0.0,0.0,0.0,0.0,0.0,7.0
знаю,0.0,0.0,0.0,0.0,0.0,0.0,7.0
зимней,0.0,0.0,0.0,0.0,0.0,7.0,0.0
издательском,0.0,0.0,0.0,0.0,0.0,0.0,7.0
играет,0.0,7.0,0.0,0.0,0.0,0.0,0.0
знаете,0.0,7.0,0.0,0.0,0.0,0.0,0.0
автоматизированных,0.0,7.0,0.0,0.0,0.0,0.0,0.0
думаете,0.0,0.0,0.0,0.0,7.0,0.0,0.0
заочников,0.0,0.0,0.0,7.0,0.0,0.0,0.0
выйти,7.0,0.0,0.0,0.0,0.0,0.0,0.0
дотацию,0.0,0.0,0.0,0.0,0.0,0.0,7.0
требуют,0.0,7.0,0.0,0.0,0.0,0.0,0.0
тройку,0.0,0.0,0.0,0.0,0.0,0.0,7.0
технологиях,0.0,0.0,0.0,7.0,0.0,0.0,0.0
технология,0.0,0.0,0.0,0.0,7.0,0.0,0.0
диаспора,0.0,7.0,0.0,0.0,0.0,0.0,0.0
даты,0.0,0.0,0.0,0.0,7.0,0.0,0.0
участие,0.0,0.0,7.0,0.0,0.0,0.0,0.0
графике,0.0,0.0,7.0,0.0,0.0,0.0,0.0
высшее,0.0,0.0,0.0,0.0,0.0,0.0,7.0
выпускники,0.0,0.0,0.0,0.0,0.0,7.0,0.0
журналистику,0.0,0.0,0.0,0.0,7.0,0.0,0.0
будем,0.0,0.0,0.0,7.0,0.0,0.0,0.0
физику,0.0,0.0,0.0,0.0,0.0,7.0,0.0
восстановление,0.0,0.0,0.0,7.0,0.0,0.0,0.0
формате,0.0,7.0,0.0,0.0,0.0,0.0,0.0
формы,0.0,0.0,0.0,0.0,0.0,7.0,0.0
задания,0.0,0.0,7.0,0.0,0.0,0.0,0.0
внутри,0.0,7.0,0.0,0.0,0.0,0.0,0.0
дотация,0.0,0.0,0.0,0.0,0.0,7.0,0.0
закрыл,0.0,0.0,0.0,0.0,0.0,7.0,0.0
варианты,0.0,7.0,0.0,0.0,0.0,0.0,0.0
хотят,0.0,7.0,0.0,0.0,0.0,0.0,0.0
быстро,0.0,0.0,0.0,0.0,0.0,7.0,0.0
иидиж,0.0,0.0,0.0,0.0,0.0,0.0,7.0
полтора,0.0,0.0,0.0,7.0,0.0,0.0,0.0
оплату,0.0,0.0,0.0,7.0,0.0,0.0,0.0
карантина,0.0,0.0,0.0,0.0,7.0,0.0,0.0
пишут,0.0,0.0,0.0,7.0,0.0,0.0,0.0
кафедра,0.0,0.0,0.0,0.0,7.0,0.0,0.0
сказали,0.0,0.0,0.0,0.0,0.0,0.0,7.0
ке,0.0,0.0,0.0,0.0,0.0,0.0,7.0
прийти,0.0,0.0,0.0,0.0,0.0,0.0,7.0
киберфизические,0.0,0.0,0.0,0.0,7.0,0.0,0.0
системная,7.0,0.0,0.0,0.0,0.0,0.0,0.0
красного,7.0,0.0,0.0,0.0,0.0,0.0,0.0
отсрочку,0.0,0.0,0.0,7.0,0.0,0.0,0.0
мало,0.0,0.0,0.0,0.0,0.0,7.0,0.0
разработка,0.0,0.0,7.0,0.0,0.0,0.0,0.0
отчислят,0.0,0.0,0.0,0.0,7.0,0.0,0.0
окончания,0.0,0.0,7.0,0.0,0.0,0.0,0.0
официально,0.0,7.0,0.0,0.0,0.0,0.0,0.0
самом,0.0,0.0,0.0,0.0,0.0,7.0,0.0
материальная,0.0,0.0,0.0,7.0,0.0,0.0,0.0
решить,0.0,0.0,0.0,0.0,7.0,0.0,0.0
пoмoчь,0.0,0.0,7.0,0.0,0.0,0.0,0.0
результаты,0.0,7.0,0.0,0.0,0.0,0.0,0.0
регистрация,0.0,0.0,7.0,0.0,0.0,0.0,0.0
предметам,0.0,7.0,0.0,0.0,0.0,0.0,0.0
москвы,0.0,0.0,0.0,0.0,7.0,0.0,0.0
очнозаочников,0.0,0.0,0.0,0.0,7.0,0.0,0.0
платки,0.0,7.0,0.0,0.0,0.0,0.0,0.0
следующий,0.0,0.0,0.0,7.0,0.0,0.0,0.0
нормально,0.0,0.0,0.0,7.0,0.0,0.0,0.0
проходил,0.0,0.0,0.0,0.0,0.0,7.0,0.0
исит,0.0,7.0,0.0,0.0,0.0,0.0,0.0
ничего,0.0,0.0,0.0,0.0,0.0,0.0,7.0
приходить,0.0,0.0,0.0,0.0,0.0,0.0,7.0
плохо,0.0,0.0,0.0,7.0,0.0,0.0,0.0
новый,0.0,0.0,0.0,0.0,0.0,7.0,0.0
информатики,0.0,0.0,0.0,0.0,0.0,0.0,7.0
сопромат,0.0,0.0,0.0,0.0,0.0,0.0,7.0
сооружений,0.0,0.0,0.0,7.0,0.0,0.0,0.0
причины,0.0,0.0,7.0,0.0,0.0,0.0,0.0
институте,7.0,0.0,0.0,0.0,0.0,0.0,0.0
снилс,0.0,0.0,0.0,0.0,0.0,0.0,7.0
никак,0.0,0.0,0.0,0.0,7.0,0.0,0.0
поздняков,0.0,0.0,0.0,0.0,0.0,0.0,7.0
оплачивать,0.0,0.0,0.0,0.0,6.0,0.0,0.0
провести,0.0,0.0,0.0,0.0,0.0,6.0,0.0
преподов,0.0,0.0,0.0,0.0,0.0,0.0,6.0
очки,0.0,0.0,0.0,0.0,0.0,6.0,0.0
физра,0.0,0.0,0.0,0.0,6.0,0.0,0.0
форму,0.0,6.0,0.0,0.0,0.0,0.0,0.0
весь,0.0,6.0,0.0,0.0,0.0,0.0,0.0
вероятность,6.0,0.0,0.0,0.0,0.0,0.0,0.0
вопросом,0.0,6.0,0.0,0.0,0.0,0.0,0.0
отделения,0.0,0.0,0.0,0.0,0.0,0.0,6.0
вкр,0.0,0.0,6.0,0.0,0.0,0.0,0.0
вместо,0.0,0.0,0.0,0.0,0.0,6.0,0.0
внимание,0.0,0.0,0.0,0.0,0.0,0.0,6.0
приходит,0.0,0.0,0.0,0.0,0.0,6.0,0.0
форма,6.0,0.0,0.0,0.0,0.0,0.0,0.0
отдел,0.0,0.0,0.0,0.0,0.0,0.0,6.0
приказы,0.0,6.0,0.0,0.0,0.0,0.0,0.0
преподаватель,0.0,0.0,0.0,0.0,0.0,6.0,0.0
возможностях,0.0,0.0,0.0,0.0,0.0,0.0,6.0
вовремя,0.0,0.0,0.0,0.0,6.0,0.0,0.0
бюджета,0.0,0.0,0.0,0.0,6.0,0.0,0.0
стало,0.0,6.0,0.0,0.0,0.0,0.0,0.0
часов,0.0,0.0,0.0,0.0,0.0,0.0,6.0
music,0.0,0.0,0.0,0.0,0.0,0.0,6.0
платного,0.0,0.0,0.0,0.0,6.0,0.0,0.0
электрозаводской,0.0,0.0,0.0,0.0,0.0,0.0,6.0
поступает,6.0,0.0,0.0,0.0,0.0,0.0,0.0
посоветуете,0.0,0.0,6.0,0.0,0.0,0.0,0.0
посвят,6.0,0.0,0.0,0.0,0.0,0.0,0.0
ав,0.0,0.0,0.0,0.0,6.0,0.0,0.0
подал,0.0,6.0,0.0,0.0,0.0,0.0,0.0
очнозаочного,0.0,0.0,0.0,0.0,0.0,0.0,6.0
попал,0.0,6.0,0.0,0.0,0.0,0.0,0.0
понять,0.0,0.0,0.0,0.0,0.0,6.0,0.0
понимаю,0.0,0.0,0.0,0.0,0.0,6.0,0.0
подписку,0.0,0.0,0.0,0.0,0.0,0.0,6.0
подъезд,0.0,0.0,0.0,0.0,0.0,0.0,6.0
позже,0.0,0.0,0.0,0.0,6.0,0.0,0.0
платников,0.0,0.0,0.0,0.0,0.0,0.0,6.0
автозаводе,0.0,0.0,0.0,0.0,0.0,0.0,6.0
адресу,0.0,0.0,0.0,0.0,0.0,0.0,6.0
платить,0.0,0.0,0.0,0.0,0.0,6.0,0.0
английского,0.0,0.0,0.0,0.0,6.0,0.0,0.0
аспирантуру,0.0,6.0,0.0,0.0,0.0,0.0,0.0
аттракционов,0.0,0.0,6.0,0.0,0.0,0.0,0.0
печати,0.0,0.0,0.0,0.0,0.0,0.0,6.0
период,0.0,0.0,0.0,0.0,6.0,0.0,0.0
переселиться,0.0,0.0,6.0,0.0,0.0,0.0,0.0
потому,0.0,6.0,0.0,0.0,0.0,0.0,0.0
бассейн,0.0,0.0,0.0,0.0,0.0,6.0,0.0
беседу,0.0,6.0,0.0,0.0,0.0,0.0,0.0
парке,0.0,0.0,6.0,0.0,0.0,0.0,0.0
болезни,0.0,0.0,0.0,0.0,0.0,6.0,0.0
человека,0.0,0.0,6.0,0.0,0.0,0.0,0.0
пo,0.0,0.0,6.0,0.0,0.0,0.0,0.0
бжд,0.0,0.0,6.0,0.0,0.0,0.0,0.0
границей,0.0,0.0,0.0,0.0,0.0,0.0,6.0
программу,0.0,0.0,6.0,0.0,0.0,0.0,0.0
секцию,0.0,0.0,0.0,0.0,0.0,6.0,0.0
заочно,6.0,0.0,0.0,0.0,0.0,0.0,0.0
заочники,0.0,6.0,0.0,0.0,0.0,0.0,0.0
татьяна,0.0,0.0,0.0,0.0,0.0,0.0,6.0
карта,0.0,0.0,0.0,0.0,0.0,0.0,6.0
заниматься,0.0,0.0,0.0,0.0,0.0,6.0,0.0
ситуации,0.0,0.0,0.0,0.0,6.0,0.0,0.0
лк,0.0,6.0,0.0,0.0,0.0,0.0,0.0
одолжить,0.0,0.0,0.0,0.0,0.0,0.0,6.0
сдачи,0.0,0.0,6.0,0.0,0.0,0.0,0.0
марта,0.0,0.0,0.0,0.0,0.0,0.0,6.0
течение,6.0,0.0,0.0,0.0,0.0,0.0,0.0
свои,0.0,0.0,0.0,0.0,0.0,6.0,0.0
желанию,0.0,0.0,0.0,0.0,0.0,6.0,0.0
ждать,0.0,6.0,0.0,0.0,0.0,0.0,0.0
записаться,0.0,0.0,0.0,0.0,0.0,0.0,6.0
заплатить,0.0,0.0,0.0,0.0,0.0,0.0,6.0
получается,0.0,0.0,6.0,0.0,0.0,0.0,0.0
собственному,0.0,0.0,0.0,0.0,0.0,6.0,0.0
кампусной,0.0,0.0,0.0,0.0,0.0,0.0,6.0
сопромату,0.0,0.0,0.0,0.0,0.0,0.0,6.0
студенту,0.0,0.0,0.0,0.0,6.0,0.0,0.0
студентом,0.0,0.0,6.0,0.0,0.0,0.0,0.0
й,0.0,0.0,0.0,0.0,0.0,6.0,0.0
ищу,0.0,0.0,0.0,0.0,6.0,0.0,0.0
спокойно,0.0,6.0,0.0,0.0,0.0,0.0,0.0
информационная,0.0,0.0,6.0,0.0,0.0,0.0,0.0
строго,0.0,0.0,0.0,0.0,6.0,0.0,0.0
изучать,0.0,0.0,0.0,0.0,0.0,0.0,6.0
института,0.0,0.0,6.0,0.0,0.0,0.0,0.0
имея,0.0,6.0,0.0,0.0,0.0,0.0,0.0
имя,0.0,0.0,0.0,0.0,0.0,0.0,6.0
ему,0.0,0.0,0.0,0.0,0.0,0.0,6.0
самые,0.0,0.0,0.0,0.0,0.0,6.0,0.0
математики,0.0,6.0,0.0,0.0,0.0,0.0,0.0
граф,0.0,6.0,0.0,0.0,0.0,0.0,0.0
работе,0.0,6.0,0.0,0.0,0.0,0.0,0.0
насчт,0.0,0.0,6.0,0.0,0.0,0.0,0.0
работ,0.0,6.0,0.0,0.0,0.0,0.0,0.0
прянишникова,0.0,0.0,0.0,0.0,0.0,0.0,6.0
графика,6.0,0.0,0.0,0.0,0.0,0.0,0.0
прохожу,0.0,0.0,0.0,0.0,0.0,6.0,0.0
стать,0.0,0.0,0.0,0.0,6.0,0.0,0.0
дорогие,0.0,6.0,0.0,0.0,0.0,0.0,0.0
госы,0.0,0.0,6.0,0.0,0.0,0.0,0.0
говорят,0.0,0.0,0.0,0.0,0.0,0.0,6.0
гдето,0.0,0.0,6.0,0.0,0.0,0.0,0.0
николай,0.0,0.0,0.0,0.0,0.0,0.0,6.0
проектной,0.0,0.0,0.0,0.0,0.0,0.0,6.0
проектирование,0.0,0.0,6.0,0.0,0.0,0.0,0.0
нами,0.0,0.0,0.0,0.0,0.0,0.0,6.0
даже,0.0,0.0,0.0,0.0,0.0,0.0,6.0
наземные,0.0,0.0,0.0,0.0,0.0,6.0,0.0
набор,0.0,6.0,0.0,0.0,0.0,0.0,0.0
должны,0.0,0.0,0.0,0.0,0.0,0.0,6.0
мероприятие,0.0,0.0,6.0,0.0,0.0,0.0,0.0
метро,0.0,0.0,0.0,0.0,0.0,6.0,0.0
долг,0.0,0.0,0.0,0.0,0.0,6.0,0.0
доки,0.0,0.0,0.0,0.0,0.0,6.0,0.0
дни,0.0,0.0,0.0,0.0,0.0,0.0,6.0
млта,0.0,6.0,0.0,0.0,0.0,0.0,0.0
рассматривают,0.0,6.0,0.0,0.0,0.0,0.0,0.0
делал,0.0,0.0,6.0,0.0,0.0,0.0,0.0
московского,0.0,6.0,0.0,0.0,0.0,0.0,0.0
мпу,0.0,6.0,0.0,0.0,0.0,0.0,0.0
набебина,0.0,6.0,0.0,0.0,0.0,0.0,0.0
разницы,6.0,0.0,0.0,0.0,0.0,0.0,0.0
apple,0.0,0.0,0.0,0.0,0.0,0.0,6.0
теории,0.0,5.0,0.0,0.0,0.0,0.0,0.0
word,0.0,0.0,0.0,0.0,0.0,0.0,0.0
Total,15612.0,15225.0,15252.0,15359.0,15219.0,14738.0,14514.0
